4, "Daniel", "ROBINSON", 1995-08-21 00:00:00, 1582161158.5235808, unknown, "course à pieds avec la grand-mère au marché"
5, "Jessica", "WATSON", 1968-11-21 00:00:00, 1583091884.9200459, unknown, "courses avec ma fille au super maché"
9, "Stephanie", "MITCHELL", 1924-03-17 00:00:00, 1585699579.2617905, 4, "promenade avec mon fils à la campagne"
13, "Ashley", "WARD", 1976-03-12 00:00:00, 1587417223.6139328, 4, "apéro avec des copains en ville"
14, "Kathleen", "GREEN", 2012-06-27 00:00:00, 1587769422.7054172, 5, "promenade avec ma mère au super maché"
19, "Joseph", "JONES", 2013-04-09 00:00:00, 1589238000.0, 13, "vélo avec des copines à la campagne"
