1, "Gary", "ADAMS", 2008-06-04 00:00:00, 1577483620.7382095, unknown, "escalade avec mon fils au marché"
6, "Dennis", "YOUNG", 1989-05-21 00:00:00, 1583878802.8757234, 1, "travail avec le grand-père en ville"
10, "Samuel", "PEREZ", 1977-07-13 00:00:00, 1586186124.581804, 6, "apéro avec le père au super maché"
12, "Joshua", "EDWARDS", 1945-12-09 00:00:00, 1587038912.6391647, 1, "apéro avec mon fils à la salle de gym"
15, "Daniel", "HERNANDEZ", 1962-09-25 00:00:00, 1588098882.9528382, unknown, "course à pieds avec une copine au super maché"
17, "Kelly", "RUIZ", 1988-09-15 00:00:00, 1588700149.101882, unknown, "vélo avec ma mère en ville"
18, "Ronald", "WILLIAMS", 1981-10-08 00:00:00, 1588976154.8079798, unknown, "sport avec le chien à la campagne"
