0, "Angela", "HARRIS", 1986-08-19 00:00:00, 1573945200.0, unknown, "promenade avec ma fille à la salle de gym"
2, "Michelle", "CHAVEZ", 1963-12-15 00:00:00, 1579553464.1818361, 0, "escalade avec le fils au super maché"
3, "Donald", "RICHARDSON", 1951-06-19 00:00:00, 1581022041.4764192, 0, "promenade avec ma mère au marché"
7, "Timothy", "JONES", 1993-02-07 00:00:00, 1584560462.2146287, 3, "handball avec mon père à la salle de gym"
8, "Laura", "ROBERTS", 2007-03-08 00:00:00, 1585161728.3636725, 3, "courses avec le copain au super maché"
11, "James", "JAMES", 1975-09-25 00:00:00, 1586630305.6582553, 3, "sport avec la mère en grande surface"
16, "Steven", "ALLEN", 1951-07-07 00:00:00, 1588408363.2841413, 11, "vélo avec la mère en grande surface"
